{"_timestamp":1.7666974423464973e+09,"epoch":19,"train_loss":0,"epoch_time_sec":1.8065450191497803,"accuracy":100,"peak_gpu_mem_mb":303.19384765625,"_runtime":38,"val_loss":0,"_wandb":{"runtime":38},"_step":19}