{"epoch_time_sec":1.8838114738464355,"val_loss":0,"epoch":19,"_wandb":{"runtime":39},"_runtime":39,"_timestamp":1.7667007075589063e+09,"train_loss":0,"_step":19,"accuracy":100,"peak_gpu_mem_mb":297.34814453125}