{"accuracy":100,"_step":19,"peak_gpu_mem_mb":328.451171875,"_timestamp":1.766700788102926e+09,"epoch":19,"_wandb":{"runtime":39},"train_loss":0,"val_loss":0,"_runtime":39,"epoch_time_sec":1.959413766860962}