{"_step":19,"_runtime":36,"train_loss":0,"_timestamp":1.766697401978497e+09,"epoch":19,"val_loss":0,"_wandb":{"runtime":36},"accuracy":100,"epoch_time_sec":1.8310191631317139,"peak_gpu_mem_mb":295.5107421875}