{"epoch_time_sec":1.8399381637573242,"_wandb":{"runtime":39},"peak_gpu_mem_mb":252.06005859375,"train_loss":0,"_timestamp":1.7666973632951288e+09,"epoch":19,"accuracy":100,"_runtime":39,"_step":19,"val_loss":0}