{"_step":19,"_timestamp":1.7667004224190252e+09,"accuracy":100,"_wandb":{"runtime":36},"val_loss":0,"train_loss":0,"peak_gpu_mem_mb":252.06005859375,"epoch":19,"_runtime":36,"epoch_time_sec":1.7625281810760498}