{"_step":19,"_runtime":40,"_timestamp":1.766700666424058e+09,"epoch":19,"peak_gpu_mem_mb":252.06005859375,"train_loss":0,"val_loss":0,"epoch_time_sec":1.9866793155670166,"_wandb":{"runtime":40},"accuracy":100}