{"epoch_time_sec":1.706580400466919,"accuracy":100,"_wandb":{"runtime":34},"train_loss":0,"val_loss":0,"peak_gpu_mem_mb":328.451171875,"epoch":19,"_timestamp":1.7667005303267038e+09,"_runtime":34,"_step":19}