{"train_loss":0,"_step":19,"accuracy":100,"peak_gpu_mem_mb":307.92236328125,"epoch_time_sec":1.9229717254638672,"val_loss":0,"_wandb":{"runtime":37},"epoch":19,"_runtime":37,"_timestamp":1.766700746995508e+09}