{"_wandb":{"runtime":33},"accuracy":100,"peak_gpu_mem_mb":307.92236328125,"epoch":19,"val_loss":0,"_step":19,"_runtime":33,"epoch_time_sec":1.6419003009796143,"_timestamp":1.766700494327536e+09,"train_loss":0}