{"val_loss":0,"accuracy":100,"epoch_time":2.098391056060791,"peak_gpu_mem_mb":252.06005859375,"_wandb":{"runtime":200},"_runtime":200,"_timestamp":1.766696799401985e+09,"_step":19}