{"val_loss":0,"peak_gpu_mem_mb":297.34814453125,"epoch_time_sec":1.6767854690551758,"accuracy":100,"_timestamp":1.7667004587093596e+09,"_wandb":{"runtime":34},"_runtime":34,"epoch":19,"train_loss":0,"_step":19}